EventId,EventTemplate,Occurrences
bd2f529c,"<*> ""GET <*>HTTP<*>status: <*> len: <*> time: <*>.<*>",931
3382d96c,[instance: b<*>-fe<*>a-<*>b-b<*>cc-<*>e<*>b<*>cd<*>d] VM Started (Lifecycle Event),1
17ee15fc,[instance: b<*>-fe<*>a-<*>b-b<*>cc-<*>e<*>b<*>cd<*>d] VM Paused (Lifecycle Event),1
3afc63a5,[instance: b<*>-fe<*>a-<*>b-b<*>cc-<*>e<*>b<*>cd<*>d] During sync_power_state the instance has a pending task (spawning). Skip.,2
8970be39,image <*>dd<*>-<*>c<*>-<*>fbb-<*>c<*>-<*>fbe<*>b<*> at (<*>checking,82
d7d096ad,"image <*>dd<*>-<*>c<*>-<*>fbb-<*>c<*>-<*>fbe<*>b<*> at (<*>in use: on this node <*> local, <*> on other nodes sharing this instance storage",82
7bc5d64e,Active base files: /var/lib/nova/instances/_base/a<*>c<*>f<*>c<*>da<*>b<*>c<*>bb<*>ac<*>e<*>,82
a377b2ee,Creating event network-vif-plugged:e<*>ffd-<*>cd<*>-<*>-bddd-<*>f<*>b<*> for instance b<*>-fe<*>a-<*>b-b<*>cc-<*>e<*>b<*>cd<*>d,1
e7c5c93a,"<*> ""POST <*>HTTP<*>status: <*> len: <*> time: <*>.<*>",64
263c5f26,[instance: b<*>-fe<*>a-<*>b-b<*>cc-<*>e<*>b<*>cd<*>d] VM Resumed (Lifecycle Event),2
58aa447c,[instance: b<*>-fe<*>a-<*>b-b<*>cc-<*>e<*>b<*>cd<*>d] Instance spawned successfully.,1
5cc17dae,[instance: b<*>-fe<*>a-<*>b-b<*>cc-<*>e<*>b<*>cd<*>d] Took <*>.<*> seconds to <*> the instance on the hypervisor.,2
f98bbe57,[instance: b<*>-fe<*>a-<*>b-b<*>cc-<*>e<*>b<*>cd<*>d] Took <*>.<*> seconds to build instance.,1
304a219c,Auditing locally available compute resources for node cp-<*>.slowvm<*>.tcloud-pg<*>.utah.cloudlab.us,15
f436579e,"Total usable vcpus: <*>, total allocated vcpus: <*>",15
5935193a,Final resource view: name=cp-<*>.slowvm<*>.tcloud-pg<*>.utah.cloudlab.us phys_ram=<*>MB used_ram=<*>MB phys_disk=<*>GB used_disk=<*>GB total_vcpus=<*> used_vcpus=<*> pci_stats=[],15
9d6775a4,Compute_service record updated for cp-<*>.slowvm<*>.tcloud-pg<*>.utah.cloudlab.us:cp-<*>.slowvm<*>.tcloud-pg<*>.utah.cloudlab.us,15
b07a374b,"<*> ""DELETE <*>HTTP<*>status: <*> len: <*> time: <*>.<*>",22
f805aa5e,[instance: b<*>-fe<*>a-<*>b-b<*>cc-<*>e<*>b<*>cd<*>d] Terminating instance,1
35aab0d4,[instance: b<*>-fe<*>a-<*>b-b<*>cc-<*>e<*>b<*>cd<*>d] Instance destroyed successfully.,1
8abec95e,[instance: b<*>-fe<*>a-<*>b-b<*>cc-<*>e<*>b<*>cd<*>d] Deleting instance files /var/lib/nova/instances/b<*>-fe<*>a-<*>b-b<*>cc-<*>e<*>b<*>cd<*>d_del,1
000f9337,[instance: b<*>-fe<*>a-<*>b-b<*>cc-<*>e<*>b<*>cd<*>d] Deletion of <*>complete,1
70efa87f,[instance: b<*>-fe<*>a-<*>b-b<*>cc-<*>e<*>b<*>cd<*>d] Took <*>.<*> seconds to deallocate network for instance.,1
a7a4ff84,Unknown base file: /var/lib/nova/instances/_base/a<*>c<*>f<*>c<*>da<*>b<*>c<*>bb<*>ac<*>e<*>,30
6a30fe6e,Removable base files: /var/lib/nova/instances/_base/a<*>c<*>f<*>c<*>da<*>b<*>c<*>bb<*>ac<*>e<*>,30
f5f5f70f,Removing base or swap file: /var/lib/nova/instances/_base/a<*>c<*>f<*>c<*>da<*>b<*>c<*>bb<*>ac<*>e<*>,21
66acd71e,HTTP exception thrown: No instances found for any event,21
aa780d87,"[instance: <*>abccce-<*>d<*>f-<*>e<*>-b<*>d<*>-<*>b<*>ab<*>e<*>b<*>] Attempting claim: memory <*> MB, disk <*> GB, vcpus <*> CPU",1
a618b3d8,"[instance: <*>abccce-<*>d<*>f-<*>e<*>-b<*>d<*>-<*>b<*>ab<*>e<*>b<*>] Total memory: <*> MB, used: <*>.<*> MB",1
a41c4ba8,"[instance: <*>abccce-<*>d<*>f-<*>e<*>-b<*>d<*>-<*>b<*>ab<*>e<*>b<*>] memory limit: <*>.<*> MB, free: <*>.<*> MB",1
6bf2b474,"[instance: <*>abccce-<*>d<*>f-<*>e<*>-b<*>d<*>-<*>b<*>ab<*>e<*>b<*>] Total disk: <*> GB, used: <*>.<*> GB",1
98fd156c,"[instance: <*>abccce-<*>d<*>f-<*>e<*>-b<*>d<*>-<*>b<*>ab<*>e<*>b<*>] disk limit not specified, defaulting to unlimited",1
e7a5338b,"[instance: <*>abccce-<*>d<*>f-<*>e<*>-b<*>d<*>-<*>b<*>ab<*>e<*>b<*>] Total vcpu: <*> VCPU, used: <*>.<*> VCPU",1
70f1a0e8,"[instance: <*>abccce-<*>d<*>f-<*>e<*>-b<*>d<*>-<*>b<*>ab<*>e<*>b<*>] vcpu limit not specified, defaulting to unlimited",1
0b8ea78f,[instance: <*>abccce-<*>d<*>f-<*>e<*>-b<*>d<*>-<*>b<*>ab<*>e<*>b<*>] Claim successful,1
fa8338ef,[instance: <*>abccce-<*>d<*>f-<*>e<*>-b<*>d<*>-<*>b<*>ab<*>e<*>b<*>] Creating image,1
a5162475,[instance: b<*>-fe<*>a-<*>b-b<*>cc-<*>e<*>b<*>cd<*>d] VM Stopped (Lifecycle Event),1
9fb4d811,[instance: <*>abccce-<*>d<*>f-<*>e<*>-b<*>d<*>-<*>b<*>ab<*>e<*>b<*>] VM Started (Lifecycle Event),1
85ea93e5,[instance: <*>abccce-<*>d<*>f-<*>e<*>-b<*>d<*>-<*>b<*>ab<*>e<*>b<*>] VM Paused (Lifecycle Event),1
80ff1ab5,[instance: <*>abccce-<*>d<*>f-<*>e<*>-b<*>d<*>-<*>b<*>ab<*>e<*>b<*>] During sync_power_state the instance has a pending task (spawning). Skip.,2
2695b5fa,Creating event network-vif-plugged:a<*>c-c<*>e<*>-<*>-a<*>a<*>-d<*>e<*>afd<*> for instance <*>abccce-<*>d<*>f-<*>e<*>-b<*>d<*>-<*>b<*>ab<*>e<*>b<*>,1
7abb6a9d,[instance: <*>abccce-<*>d<*>f-<*>e<*>-b<*>d<*>-<*>b<*>ab<*>e<*>b<*>] VM Resumed (Lifecycle Event),2
362f854c,[instance: <*>abccce-<*>d<*>f-<*>e<*>-b<*>d<*>-<*>b<*>ab<*>e<*>b<*>] Instance spawned successfully.,1
c161423c,[instance: <*>abccce-<*>d<*>f-<*>e<*>-b<*>d<*>-<*>b<*>ab<*>e<*>b<*>] Took <*>.<*> seconds to <*> the instance on the hypervisor.,2
01b41746,[instance: <*>abccce-<*>d<*>f-<*>e<*>-b<*>d<*>-<*>b<*>ab<*>e<*>b<*>] Took <*>.<*> seconds to build instance.,1
732653ea,Successfully synced instances from host 'cp-<*>.slowvm<*>.tcloud-pg<*>.utah.cloudlab.us'.,2
29424e60,[instance: <*>abccce-<*>d<*>f-<*>e<*>-b<*>d<*>-<*>b<*>ab<*>e<*>b<*>] Terminating instance,1
535d418b,Running instance usage audit for host cp-<*>.slowvm<*>.tcloud-pg<*>.utah.cloudlab.us from <*>-<*>-<*> <*>:<*>:<*> to <*>-<*>-<*> <*>:<*>:<*>. <*> instances.,1
9cd45b85,[instance: <*>abccce-<*>d<*>f-<*>e<*>-b<*>d<*>-<*>b<*>ab<*>e<*>b<*>] Instance destroyed successfully.,1
4ffcf4e8,[instance: <*>abccce-<*>d<*>f-<*>e<*>-b<*>d<*>-<*>b<*>ab<*>e<*>b<*>] Deleting instance files /var/lib/nova/instances/<*>abccce-<*>d<*>f-<*>e<*>-b<*>d<*>-<*>b<*>ab<*>e<*>b<*>_del,1
5f08293e,[instance: <*>abccce-<*>d<*>f-<*>e<*>-b<*>d<*>-<*>b<*>ab<*>e<*>b<*>] Deletion of <*>complete,1
cccbe73b,[instance: <*>abccce-<*>d<*>f-<*>e<*>-b<*>d<*>-<*>b<*>ab<*>e<*>b<*>] Took <*>.<*> seconds to deallocate network for instance.,1
bd00e0e9,"[instance: b<*>ef<*>-ba<*>d-<*>ae-bf<*>a-<*>cba<*>a<*>] Attempting claim: memory <*> MB, disk <*> GB, vcpus <*> CPU",1
5db6fc1c,"[instance: b<*>ef<*>-ba<*>d-<*>ae-bf<*>a-<*>cba<*>a<*>] Total memory: <*> MB, used: <*>.<*> MB",1
60be3b93,"[instance: b<*>ef<*>-ba<*>d-<*>ae-bf<*>a-<*>cba<*>a<*>] memory limit: <*>.<*> MB, free: <*>.<*> MB",1
2151fda8,"[instance: b<*>ef<*>-ba<*>d-<*>ae-bf<*>a-<*>cba<*>a<*>] Total disk: <*> GB, used: <*>.<*> GB",1
25059ac9,"[instance: b<*>ef<*>-ba<*>d-<*>ae-bf<*>a-<*>cba<*>a<*>] disk limit not specified, defaulting to unlimited",1
c3d58f2e,"[instance: b<*>ef<*>-ba<*>d-<*>ae-bf<*>a-<*>cba<*>a<*>] Total vcpu: <*> VCPU, used: <*>.<*> VCPU",1
06bb78d1,"[instance: b<*>ef<*>-ba<*>d-<*>ae-bf<*>a-<*>cba<*>a<*>] vcpu limit not specified, defaulting to unlimited",1
a2b31299,[instance: b<*>ef<*>-ba<*>d-<*>ae-bf<*>a-<*>cba<*>a<*>] Claim successful,1
d7a92b54,[instance: b<*>ef<*>-ba<*>d-<*>ae-bf<*>a-<*>cba<*>a<*>] Creating image,1
783093e8,[instance: <*>abccce-<*>d<*>f-<*>e<*>-b<*>d<*>-<*>b<*>ab<*>e<*>b<*>] VM Stopped (Lifecycle Event),1
96d2a6c1,[instance: b<*>ef<*>-ba<*>d-<*>ae-bf<*>a-<*>cba<*>a<*>] VM Started (Lifecycle Event),1
777d2f07,[instance: b<*>ef<*>-ba<*>d-<*>ae-bf<*>a-<*>cba<*>a<*>] VM Paused (Lifecycle Event),1
65d180af,[instance: b<*>ef<*>-ba<*>d-<*>ae-bf<*>a-<*>cba<*>a<*>] During sync_power_state the instance has a pending task (spawning). Skip.,2
26dd3c9a,Creating event network-vif-plugged:d<*>ce<*>c<*>a-<*>-<*>c<*>-<*>a<*>a-<*>f<*>e<*>defcb<*> for instance b<*>ef<*>-ba<*>d-<*>ae-bf<*>a-<*>cba<*>a<*>,1
7bd3a7d6,[instance: b<*>ef<*>-ba<*>d-<*>ae-bf<*>a-<*>cba<*>a<*>] VM Resumed (Lifecycle Event),2
9d301e9e,[instance: b<*>ef<*>-ba<*>d-<*>ae-bf<*>a-<*>cba<*>a<*>] Instance spawned successfully.,1
a56eae48,[instance: b<*>ef<*>-ba<*>d-<*>ae-bf<*>a-<*>cba<*>a<*>] Took <*>.<*> seconds to <*> the instance on the hypervisor.,2
c64e9a6f,[instance: b<*>ef<*>-ba<*>d-<*>ae-bf<*>a-<*>cba<*>a<*>] Took <*>.<*> seconds to build instance.,1
fea54054,[instance: b<*>ef<*>-ba<*>d-<*>ae-bf<*>a-<*>cba<*>a<*>] Terminating instance,1
bb78e449,[instance: b<*>ef<*>-ba<*>d-<*>ae-bf<*>a-<*>cba<*>a<*>] Instance destroyed successfully.,1
f14c5abf,[instance: b<*>ef<*>-ba<*>d-<*>ae-bf<*>a-<*>cba<*>a<*>] Deleting instance files /var/lib/nova/instances/b<*>ef<*>-ba<*>d-<*>ae-bf<*>a-<*>cba<*>a<*>_del,1
6f56d452,[instance: b<*>ef<*>-ba<*>d-<*>ae-bf<*>a-<*>cba<*>a<*>] Deletion of <*>complete,1
e9d0784d,[instance: b<*>ef<*>-ba<*>d-<*>ae-bf<*>a-<*>cba<*>a<*>] Took <*>.<*> seconds to deallocate network for instance.,1
13866240,Base or swap file too young to remove: /var/lib/nova/instances/_base/a<*>c<*>f<*>c<*>da<*>b<*>c<*>bb<*>ac<*>e<*>,9
7590ec79,"[instance: <*>dc<*>-<*>-<*>cc-<*>e-<*>b<*>c<*>dcf] Attempting claim: memory <*> MB, disk <*> GB, vcpus <*> CPU",1
d7dc0850,"[instance: <*>dc<*>-<*>-<*>cc-<*>e-<*>b<*>c<*>dcf] Total memory: <*> MB, used: <*>.<*> MB",1
7a700202,"[instance: <*>dc<*>-<*>-<*>cc-<*>e-<*>b<*>c<*>dcf] memory limit: <*>.<*> MB, free: <*>.<*> MB",1
221ac2f0,"[instance: <*>dc<*>-<*>-<*>cc-<*>e-<*>b<*>c<*>dcf] Total disk: <*> GB, used: <*>.<*> GB",1
88150103,"[instance: <*>dc<*>-<*>-<*>cc-<*>e-<*>b<*>c<*>dcf] disk limit not specified, defaulting to unlimited",1
3accbe21,"[instance: <*>dc<*>-<*>-<*>cc-<*>e-<*>b<*>c<*>dcf] Total vcpu: <*> VCPU, used: <*>.<*> VCPU",1
cbf4f26b,"[instance: <*>dc<*>-<*>-<*>cc-<*>e-<*>b<*>c<*>dcf] vcpu limit not specified, defaulting to unlimited",1
c8239141,[instance: <*>dc<*>-<*>-<*>cc-<*>e-<*>b<*>c<*>dcf] Claim successful,1
ebcb0c75,[instance: <*>dc<*>-<*>-<*>cc-<*>e-<*>b<*>c<*>dcf] Creating image,1
1d5ba2a9,[instance: b<*>ef<*>-ba<*>d-<*>ae-bf<*>a-<*>cba<*>a<*>] VM Stopped (Lifecycle Event),1
5eda6d28,[instance: <*>dc<*>-<*>-<*>cc-<*>e-<*>b<*>c<*>dcf] VM Started (Lifecycle Event),1
09180de3,[instance: <*>dc<*>-<*>-<*>cc-<*>e-<*>b<*>c<*>dcf] VM Paused (Lifecycle Event),1
35dde0d1,[instance: <*>dc<*>-<*>-<*>cc-<*>e-<*>b<*>c<*>dcf] During sync_power_state the instance has a pending task (spawning). Skip.,2
e93c7f1c,Creating event network-vif-plugged:b<*>c<*>-<*>-<*>e<*>-<*>ba<*>-ec<*>d<*>d<*>d for instance <*>dc<*>-<*>-<*>cc-<*>e-<*>b<*>c<*>dcf,1
7e20355c,[instance: <*>dc<*>-<*>-<*>cc-<*>e-<*>b<*>c<*>dcf] VM Resumed (Lifecycle Event),2
08adf3c1,[instance: <*>dc<*>-<*>-<*>cc-<*>e-<*>b<*>c<*>dcf] Instance spawned successfully.,1
2605f93b,[instance: <*>dc<*>-<*>-<*>cc-<*>e-<*>b<*>c<*>dcf] Took <*>.<*> seconds to <*> the instance on the hypervisor.,2
eda188bf,[instance: <*>dc<*>-<*>-<*>cc-<*>e-<*>b<*>c<*>dcf] Took <*>.<*> seconds to build instance.,1
e16af197,[instance: <*>dc<*>-<*>-<*>cc-<*>e-<*>b<*>c<*>dcf] Terminating instance,1
b14c3bc6,[instance: <*>dc<*>-<*>-<*>cc-<*>e-<*>b<*>c<*>dcf] Instance destroyed successfully.,1
bbcd9e5a,[instance: <*>dc<*>-<*>-<*>cc-<*>e-<*>b<*>c<*>dcf] Deleting instance files /var/lib/nova/instances/<*>dc<*>-<*>-<*>cc-<*>e-<*>b<*>c<*>dcf_del,1
e08a3401,[instance: <*>dc<*>-<*>-<*>cc-<*>e-<*>b<*>c<*>dcf] Deletion of <*>complete,1
e57c7fa8,[instance: <*>dc<*>-<*>-<*>cc-<*>e-<*>b<*>c<*>dcf] Took <*>.<*> seconds to deallocate network for instance.,1
eadb12e0,"[instance: <*>-<*>b-<*>f<*>-<*>-<*>fc<*>b<*>a<*>c] Attempting claim: memory <*> MB, disk <*> GB, vcpus <*> CPU",1
e821c177,"[instance: <*>-<*>b-<*>f<*>-<*>-<*>fc<*>b<*>a<*>c] Total memory: <*> MB, used: <*>.<*> MB",1
bc2c642f,"[instance: <*>-<*>b-<*>f<*>-<*>-<*>fc<*>b<*>a<*>c] memory limit: <*>.<*> MB, free: <*>.<*> MB",1
bbd060ff,"[instance: <*>-<*>b-<*>f<*>-<*>-<*>fc<*>b<*>a<*>c] Total disk: <*> GB, used: <*>.<*> GB",1
d51d3612,"[instance: <*>-<*>b-<*>f<*>-<*>-<*>fc<*>b<*>a<*>c] disk limit not specified, defaulting to unlimited",1
c975851a,"[instance: <*>-<*>b-<*>f<*>-<*>-<*>fc<*>b<*>a<*>c] Total vcpu: <*> VCPU, used: <*>.<*> VCPU",1
ee71011a,"[instance: <*>-<*>b-<*>f<*>-<*>-<*>fc<*>b<*>a<*>c] vcpu limit not specified, defaulting to unlimited",1
70090bca,[instance: <*>-<*>b-<*>f<*>-<*>-<*>fc<*>b<*>a<*>c] Claim successful,1
f59a4eb0,[instance: <*>-<*>b-<*>f<*>-<*>-<*>fc<*>b<*>a<*>c] Creating image,1
f78c0275,[instance: <*>dc<*>-<*>-<*>cc-<*>e-<*>b<*>c<*>dcf] VM Stopped (Lifecycle Event),1
fa954bc3,[instance: <*>-<*>b-<*>f<*>-<*>-<*>fc<*>b<*>a<*>c] VM Started (Lifecycle Event),1
f7bda8a5,[instance: <*>-<*>b-<*>f<*>-<*>-<*>fc<*>b<*>a<*>c] VM Paused (Lifecycle Event),1
79d153de,[instance: <*>-<*>b-<*>f<*>-<*>-<*>fc<*>b<*>a<*>c] During sync_power_state the instance has a pending task (spawning). Skip.,2
44d66e2f,Creating event network-vif-plugged:<*>cf<*>-<*>-<*>f<*>c-<*>c-<*>ba<*>e<*>f<*> for instance <*>-<*>b-<*>f<*>-<*>-<*>fc<*>b<*>a<*>c,1
86c12e55,[instance: <*>-<*>b-<*>f<*>-<*>-<*>fc<*>b<*>a<*>c] VM Resumed (Lifecycle Event),2
fa35958a,[instance: <*>-<*>b-<*>f<*>-<*>-<*>fc<*>b<*>a<*>c] Instance spawned successfully.,1
1441b454,[instance: <*>-<*>b-<*>f<*>-<*>-<*>fc<*>b<*>a<*>c] Took <*>.<*> seconds to <*> the instance on the hypervisor.,2
55451064,[instance: <*>-<*>b-<*>f<*>-<*>-<*>fc<*>b<*>a<*>c] Took <*>.<*> seconds to build instance.,1
f4c4c11d,[instance: <*>-<*>b-<*>f<*>-<*>-<*>fc<*>b<*>a<*>c] Terminating instance,1
95771834,[instance: <*>-<*>b-<*>f<*>-<*>-<*>fc<*>b<*>a<*>c] Instance destroyed successfully.,1
7cf51959,[instance: <*>-<*>b-<*>f<*>-<*>-<*>fc<*>b<*>a<*>c] Deleting instance files /var/lib/nova/instances/<*>-<*>b-<*>f<*>-<*>-<*>fc<*>b<*>a<*>c_del,1
ae14661e,[instance: <*>-<*>b-<*>f<*>-<*>-<*>fc<*>b<*>a<*>c] Deletion of <*>complete,1
565b21c4,[instance: <*>-<*>b-<*>f<*>-<*>-<*>fc<*>b<*>a<*>c] Took <*>.<*> seconds to deallocate network for instance.,1
f8d97fcb,"[instance: <*>e<*>cc<*>f-<*>cb<*>-<*>d<*>-<*>c-f<*>a<*>d<*>f<*>c<*>] Attempting claim: memory <*> MB, disk <*> GB, vcpus <*> CPU",1
b7b033ab,"[instance: <*>e<*>cc<*>f-<*>cb<*>-<*>d<*>-<*>c-f<*>a<*>d<*>f<*>c<*>] Total memory: <*> MB, used: <*>.<*> MB",1
cee673ca,"[instance: <*>e<*>cc<*>f-<*>cb<*>-<*>d<*>-<*>c-f<*>a<*>d<*>f<*>c<*>] memory limit: <*>.<*> MB, free: <*>.<*> MB",1
2b8bd9b5,"[instance: <*>e<*>cc<*>f-<*>cb<*>-<*>d<*>-<*>c-f<*>a<*>d<*>f<*>c<*>] Total disk: <*> GB, used: <*>.<*> GB",1
ca3701f0,"[instance: <*>e<*>cc<*>f-<*>cb<*>-<*>d<*>-<*>c-f<*>a<*>d<*>f<*>c<*>] disk limit not specified, defaulting to unlimited",1
38c89f78,"[instance: <*>e<*>cc<*>f-<*>cb<*>-<*>d<*>-<*>c-f<*>a<*>d<*>f<*>c<*>] Total vcpu: <*> VCPU, used: <*>.<*> VCPU",1
a55f81eb,"[instance: <*>e<*>cc<*>f-<*>cb<*>-<*>d<*>-<*>c-f<*>a<*>d<*>f<*>c<*>] vcpu limit not specified, defaulting to unlimited",1
04c34ac9,[instance: <*>e<*>cc<*>f-<*>cb<*>-<*>d<*>-<*>c-f<*>a<*>d<*>f<*>c<*>] Claim successful,1
ed5ad28d,[instance: <*>e<*>cc<*>f-<*>cb<*>-<*>d<*>-<*>c-f<*>a<*>d<*>f<*>c<*>] Creating image,1
af1e748e,[instance: <*>-<*>b-<*>f<*>-<*>-<*>fc<*>b<*>a<*>c] VM Stopped (Lifecycle Event),1
8f0e08ba,[instance: <*>e<*>cc<*>f-<*>cb<*>-<*>d<*>-<*>c-f<*>a<*>d<*>f<*>c<*>] VM Started (Lifecycle Event),1
23503452,[instance: <*>e<*>cc<*>f-<*>cb<*>-<*>d<*>-<*>c-f<*>a<*>d<*>f<*>c<*>] VM Paused (Lifecycle Event),1
af3d2ec8,[instance: <*>e<*>cc<*>f-<*>cb<*>-<*>d<*>-<*>c-f<*>a<*>d<*>f<*>c<*>] During sync_power_state the instance has a pending task (spawning). Skip.,2
3f7dcd9b,Creating event network-vif-plugged:<*>-baff-<*>ad-<*>e<*>-a<*>c<*> for instance <*>e<*>cc<*>f-<*>cb<*>-<*>d<*>-<*>c-f<*>a<*>d<*>f<*>c<*>,1
c089dd62,[instance: <*>e<*>cc<*>f-<*>cb<*>-<*>d<*>-<*>c-f<*>a<*>d<*>f<*>c<*>] VM Resumed (Lifecycle Event),2
bfbb399b,[instance: <*>e<*>cc<*>f-<*>cb<*>-<*>d<*>-<*>c-f<*>a<*>d<*>f<*>c<*>] Instance spawned successfully.,1
d34a1812,[instance: <*>e<*>cc<*>f-<*>cb<*>-<*>d<*>-<*>c-f<*>a<*>d<*>f<*>c<*>] Took <*>.<*> seconds to <*> the instance on the hypervisor.,2
d81308f4,[instance: <*>e<*>cc<*>f-<*>cb<*>-<*>d<*>-<*>c-f<*>a<*>d<*>f<*>c<*>] Took <*>.<*> seconds to build instance.,1
555151c1,[instance: <*>e<*>cc<*>f-<*>cb<*>-<*>d<*>-<*>c-f<*>a<*>d<*>f<*>c<*>] Terminating instance,1
fdb701e3,[instance: <*>e<*>cc<*>f-<*>cb<*>-<*>d<*>-<*>c-f<*>a<*>d<*>f<*>c<*>] Instance destroyed successfully.,1
184964e0,[instance: <*>e<*>cc<*>f-<*>cb<*>-<*>d<*>-<*>c-f<*>a<*>d<*>f<*>c<*>] Deleting instance files /var/lib/nova/instances/<*>e<*>cc<*>f-<*>cb<*>-<*>d<*>-<*>c-f<*>a<*>d<*>f<*>c<*>_del,1
cfbf2f9a,[instance: <*>e<*>cc<*>f-<*>cb<*>-<*>d<*>-<*>c-f<*>a<*>d<*>f<*>c<*>] Deletion of <*>complete,1
6fad0bd4,[instance: <*>e<*>cc<*>f-<*>cb<*>-<*>d<*>-<*>c-f<*>a<*>d<*>f<*>c<*>] Took <*>.<*> seconds to deallocate network for instance.,1
36c8168a,"[instance: af<*>f<*>-f<*>d<*>-<*>-b<*>-c<*>c<*>aa<*>] Attempting claim: memory <*> MB, disk <*> GB, vcpus <*> CPU",1
cfba227e,"[instance: af<*>f<*>-f<*>d<*>-<*>-b<*>-c<*>c<*>aa<*>] Total memory: <*> MB, used: <*>.<*> MB",1
482e2352,"[instance: af<*>f<*>-f<*>d<*>-<*>-b<*>-c<*>c<*>aa<*>] memory limit: <*>.<*> MB, free: <*>.<*> MB",1
3505c4f2,"[instance: af<*>f<*>-f<*>d<*>-<*>-b<*>-c<*>c<*>aa<*>] Total disk: <*> GB, used: <*>.<*> GB",1
336a4e43,"[instance: af<*>f<*>-f<*>d<*>-<*>-b<*>-c<*>c<*>aa<*>] disk limit not specified, defaulting to unlimited",1
04a55663,"[instance: af<*>f<*>-f<*>d<*>-<*>-b<*>-c<*>c<*>aa<*>] Total vcpu: <*> VCPU, used: <*>.<*> VCPU",1
a04adb92,"[instance: af<*>f<*>-f<*>d<*>-<*>-b<*>-c<*>c<*>aa<*>] vcpu limit not specified, defaulting to unlimited",1
aad958c9,[instance: af<*>f<*>-f<*>d<*>-<*>-b<*>-c<*>c<*>aa<*>] Claim successful,1
9f5460bc,[instance: af<*>f<*>-f<*>d<*>-<*>-b<*>-c<*>c<*>aa<*>] Creating image,1
498fec5b,[instance: <*>e<*>cc<*>f-<*>cb<*>-<*>d<*>-<*>c-f<*>a<*>d<*>f<*>c<*>] VM Stopped (Lifecycle Event),1
1a8b3a03,[instance: af<*>f<*>-f<*>d<*>-<*>-b<*>-c<*>c<*>aa<*>] VM Started (Lifecycle Event),1
06816e82,[instance: af<*>f<*>-f<*>d<*>-<*>-b<*>-c<*>c<*>aa<*>] VM Paused (Lifecycle Event),1
a2720818,[instance: af<*>f<*>-f<*>d<*>-<*>-b<*>-c<*>c<*>aa<*>] During sync_power_state the instance has a pending task (spawning). Skip.,2
3c7a50c2,Creating event network-vif-plugged:<*>bdba<*>d-dd<*>-<*>c-ab<*>-<*>d<*>c<*>c<*> for instance af<*>f<*>-f<*>d<*>-<*>-b<*>-c<*>c<*>aa<*>,1
5e8ff98f,[instance: af<*>f<*>-f<*>d<*>-<*>-b<*>-c<*>c<*>aa<*>] VM Resumed (Lifecycle Event),2
50bc05a5,[instance: af<*>f<*>-f<*>d<*>-<*>-b<*>-c<*>c<*>aa<*>] Instance spawned successfully.,1
6e92053b,[instance: af<*>f<*>-f<*>d<*>-<*>-b<*>-c<*>c<*>aa<*>] Took <*>.<*> seconds to <*> the instance on the hypervisor.,2
9b70c7ef,[instance: af<*>f<*>-f<*>d<*>-<*>-b<*>-c<*>c<*>aa<*>] Took <*>.<*> seconds to build instance.,1
33ca0605,[instance: af<*>f<*>-f<*>d<*>-<*>-b<*>-c<*>c<*>aa<*>] Terminating instance,1
ec17f528,[instance: af<*>f<*>-f<*>d<*>-<*>-b<*>-c<*>c<*>aa<*>] Instance destroyed successfully.,1
1ec3df98,[instance: af<*>f<*>-f<*>d<*>-<*>-b<*>-c<*>c<*>aa<*>] Deleting instance files /var/lib/nova/instances/af<*>f<*>-f<*>d<*>-<*>-b<*>-c<*>c<*>aa<*>_del,1
ee751829,[instance: af<*>f<*>-f<*>d<*>-<*>-b<*>-c<*>c<*>aa<*>] Deletion of <*>complete,1
c585bb16,[instance: af<*>f<*>-f<*>d<*>-<*>-b<*>-c<*>c<*>aa<*>] Took <*>.<*> seconds to deallocate network for instance.,1
619872ee,"[instance: ae<*>a<*>b<*>d-eec<*>-<*>bb-b<*>a-c<*>d<*>b<*>f] Attempting claim: memory <*> MB, disk <*> GB, vcpus <*> CPU",1
3a75f93e,"[instance: ae<*>a<*>b<*>d-eec<*>-<*>bb-b<*>a-c<*>d<*>b<*>f] Total memory: <*> MB, used: <*>.<*> MB",1
7ccdda59,"[instance: ae<*>a<*>b<*>d-eec<*>-<*>bb-b<*>a-c<*>d<*>b<*>f] memory limit: <*>.<*> MB, free: <*>.<*> MB",1
2ebb3348,"[instance: ae<*>a<*>b<*>d-eec<*>-<*>bb-b<*>a-c<*>d<*>b<*>f] Total disk: <*> GB, used: <*>.<*> GB",1
2eba5644,"[instance: ae<*>a<*>b<*>d-eec<*>-<*>bb-b<*>a-c<*>d<*>b<*>f] disk limit not specified, defaulting to unlimited",1
77af78b8,"[instance: ae<*>a<*>b<*>d-eec<*>-<*>bb-b<*>a-c<*>d<*>b<*>f] Total vcpu: <*> VCPU, used: <*>.<*> VCPU",1
399b9403,"[instance: ae<*>a<*>b<*>d-eec<*>-<*>bb-b<*>a-c<*>d<*>b<*>f] vcpu limit not specified, defaulting to unlimited",1
937ef10e,[instance: ae<*>a<*>b<*>d-eec<*>-<*>bb-b<*>a-c<*>d<*>b<*>f] Claim successful,1
d958040c,[instance: ae<*>a<*>b<*>d-eec<*>-<*>bb-b<*>a-c<*>d<*>b<*>f] Creating image,1
9502d8b9,[instance: af<*>f<*>-f<*>d<*>-<*>-b<*>-c<*>c<*>aa<*>] VM Stopped (Lifecycle Event),1
448eba7a,[instance: ae<*>a<*>b<*>d-eec<*>-<*>bb-b<*>a-c<*>d<*>b<*>f] VM Started (Lifecycle Event),1
c46c76a6,[instance: ae<*>a<*>b<*>d-eec<*>-<*>bb-b<*>a-c<*>d<*>b<*>f] VM Paused (Lifecycle Event),1
7e1123f4,[instance: ae<*>a<*>b<*>d-eec<*>-<*>bb-b<*>a-c<*>d<*>b<*>f] During sync_power_state the instance has a pending task (spawning). Skip.,2
41c623ba,The instance sync for host 'cp-<*>.slowvm<*>.tcloud-pg<*>.utah.cloudlab.us' did not match. Re-created its InstanceList.,5
32d23c47,Creating event network-vif-plugged:<*>dbd<*>a<*>-<*>e-<*>cd<*>-<*>-fa<*>e<*>d<*>dd<*> for instance ae<*>a<*>b<*>d-eec<*>-<*>bb-b<*>a-c<*>d<*>b<*>f,1
ac2f5282,[instance: ae<*>a<*>b<*>d-eec<*>-<*>bb-b<*>a-c<*>d<*>b<*>f] VM Resumed (Lifecycle Event),2
45dc4611,[instance: ae<*>a<*>b<*>d-eec<*>-<*>bb-b<*>a-c<*>d<*>b<*>f] Instance spawned successfully.,1
e17abb44,[instance: ae<*>a<*>b<*>d-eec<*>-<*>bb-b<*>a-c<*>d<*>b<*>f] Took <*>.<*> seconds to <*> the instance on the hypervisor.,2
a5e85223,[instance: ae<*>a<*>b<*>d-eec<*>-<*>bb-b<*>a-c<*>d<*>b<*>f] Took <*>.<*> seconds to build instance.,1
17184122,[instance: ae<*>a<*>b<*>d-eec<*>-<*>bb-b<*>a-c<*>d<*>b<*>f] Terminating instance,1
f3b1b556,[instance: ae<*>a<*>b<*>d-eec<*>-<*>bb-b<*>a-c<*>d<*>b<*>f] Instance destroyed successfully.,1
21901094,[instance: ae<*>a<*>b<*>d-eec<*>-<*>bb-b<*>a-c<*>d<*>b<*>f] Deleting instance files /var/lib/nova/instances/ae<*>a<*>b<*>d-eec<*>-<*>bb-b<*>a-c<*>d<*>b<*>f_del,1
4be45bb0,[instance: ae<*>a<*>b<*>d-eec<*>-<*>bb-b<*>a-c<*>d<*>b<*>f] Deletion of <*>complete,1
3a4bd817,[instance: ae<*>a<*>b<*>d-eec<*>-<*>bb-b<*>a-c<*>d<*>b<*>f] Took <*>.<*> seconds to deallocate network for instance.,1
f05bde5c,"[instance: <*>-<*>f<*>-<*>da<*>-b<*>ee-<*>d<*>cc<*>e<*>] Attempting claim: memory <*> MB, disk <*> GB, vcpus <*> CPU",1
b86c3790,"[instance: <*>-<*>f<*>-<*>da<*>-b<*>ee-<*>d<*>cc<*>e<*>] Total memory: <*> MB, used: <*>.<*> MB",1
baf26f63,"[instance: <*>-<*>f<*>-<*>da<*>-b<*>ee-<*>d<*>cc<*>e<*>] memory limit: <*>.<*> MB, free: <*>.<*> MB",1
eadcb3a7,"[instance: <*>-<*>f<*>-<*>da<*>-b<*>ee-<*>d<*>cc<*>e<*>] Total disk: <*> GB, used: <*>.<*> GB",1
8e6f08a2,"[instance: <*>-<*>f<*>-<*>da<*>-b<*>ee-<*>d<*>cc<*>e<*>] disk limit not specified, defaulting to unlimited",1
6cfb1ebd,"[instance: <*>-<*>f<*>-<*>da<*>-b<*>ee-<*>d<*>cc<*>e<*>] Total vcpu: <*> VCPU, used: <*>.<*> VCPU",1
8565cd0c,"[instance: <*>-<*>f<*>-<*>da<*>-b<*>ee-<*>d<*>cc<*>e<*>] vcpu limit not specified, defaulting to unlimited",1
71e40ac3,[instance: <*>-<*>f<*>-<*>da<*>-b<*>ee-<*>d<*>cc<*>e<*>] Claim successful,1
b3d20d13,[instance: <*>-<*>f<*>-<*>da<*>-b<*>ee-<*>d<*>cc<*>e<*>] Creating image,1
52ba8f2b,[instance: ae<*>a<*>b<*>d-eec<*>-<*>bb-b<*>a-c<*>d<*>b<*>f] VM Stopped (Lifecycle Event),1
069d39b4,[instance: <*>-<*>f<*>-<*>da<*>-b<*>ee-<*>d<*>cc<*>e<*>] VM Started (Lifecycle Event),1
2bb863ea,[instance: <*>-<*>f<*>-<*>da<*>-b<*>ee-<*>d<*>cc<*>e<*>] VM Paused (Lifecycle Event),1
5662b44f,[instance: <*>-<*>f<*>-<*>da<*>-b<*>ee-<*>d<*>cc<*>e<*>] During sync_power_state the instance has a pending task (spawning). Skip.,2
085e4ee8,Creating event network-vif-plugged:<*>df<*>c<*>-a<*>-<*>-aeed-<*>a<*> for instance <*>-<*>f<*>-<*>da<*>-b<*>ee-<*>d<*>cc<*>e<*>,1
ef37b5fa,[instance: <*>-<*>f<*>-<*>da<*>-b<*>ee-<*>d<*>cc<*>e<*>] VM Resumed (Lifecycle Event),2
23217110,[instance: <*>-<*>f<*>-<*>da<*>-b<*>ee-<*>d<*>cc<*>e<*>] Instance spawned successfully.,1
9bb168c4,[instance: <*>-<*>f<*>-<*>da<*>-b<*>ee-<*>d<*>cc<*>e<*>] Took <*>.<*> seconds to <*> the instance on the hypervisor.,2
0bbdf7a7,[instance: <*>-<*>f<*>-<*>da<*>-b<*>ee-<*>d<*>cc<*>e<*>] Took <*>.<*> seconds to build instance.,1
2fba758d,[instance: <*>-<*>f<*>-<*>da<*>-b<*>ee-<*>d<*>cc<*>e<*>] Terminating instance,1
abefe1c9,[instance: <*>-<*>f<*>-<*>da<*>-b<*>ee-<*>d<*>cc<*>e<*>] Instance destroyed successfully.,1
b64db88b,[instance: <*>-<*>f<*>-<*>da<*>-b<*>ee-<*>d<*>cc<*>e<*>] Deleting instance files /var/lib/nova/instances/<*>-<*>f<*>-<*>da<*>-b<*>ee-<*>d<*>cc<*>e<*>_del,1
efc42737,[instance: <*>-<*>f<*>-<*>da<*>-b<*>ee-<*>d<*>cc<*>e<*>] Deletion of <*>complete,1
24c75b0a,[instance: <*>-<*>f<*>-<*>da<*>-b<*>ee-<*>d<*>cc<*>e<*>] Took <*>.<*> seconds to deallocate network for instance.,1
7201e1ad,"[instance: fecdd<*>a<*>-<*>ca<*>-<*>c<*>-<*>-<*>b<*>f<*>e] Attempting claim: memory <*> MB, disk <*> GB, vcpus <*> CPU",1
b5a8fad2,"[instance: fecdd<*>a<*>-<*>ca<*>-<*>c<*>-<*>-<*>b<*>f<*>e] Total memory: <*> MB, used: <*>.<*> MB",1
be2f8e7a,"[instance: fecdd<*>a<*>-<*>ca<*>-<*>c<*>-<*>-<*>b<*>f<*>e] memory limit: <*>.<*> MB, free: <*>.<*> MB",1
dcb79607,"[instance: fecdd<*>a<*>-<*>ca<*>-<*>c<*>-<*>-<*>b<*>f<*>e] Total disk: <*> GB, used: <*>.<*> GB",1
56605ab5,"[instance: fecdd<*>a<*>-<*>ca<*>-<*>c<*>-<*>-<*>b<*>f<*>e] disk limit not specified, defaulting to unlimited",1
6ffdfd30,"[instance: fecdd<*>a<*>-<*>ca<*>-<*>c<*>-<*>-<*>b<*>f<*>e] Total vcpu: <*> VCPU, used: <*>.<*> VCPU",1
f4cf2e6a,"[instance: fecdd<*>a<*>-<*>ca<*>-<*>c<*>-<*>-<*>b<*>f<*>e] vcpu limit not specified, defaulting to unlimited",1
33dbab4c,[instance: fecdd<*>a<*>-<*>ca<*>-<*>c<*>-<*>-<*>b<*>f<*>e] Claim successful,1
f646eee7,[instance: fecdd<*>a<*>-<*>ca<*>-<*>c<*>-<*>-<*>b<*>f<*>e] Creating image,1
b0847ca7,[instance: <*>-<*>f<*>-<*>da<*>-b<*>ee-<*>d<*>cc<*>e<*>] VM Stopped (Lifecycle Event),1
2ceb4ae1,[instance: fecdd<*>a<*>-<*>ca<*>-<*>c<*>-<*>-<*>b<*>f<*>e] VM Started (Lifecycle Event),1
b30f5d60,[instance: fecdd<*>a<*>-<*>ca<*>-<*>c<*>-<*>-<*>b<*>f<*>e] VM Paused (Lifecycle Event),1
6dfd4d59,[instance: fecdd<*>a<*>-<*>ca<*>-<*>c<*>-<*>-<*>b<*>f<*>e] During sync_power_state the instance has a pending task (spawning). Skip.,2
4b79fb0d,Creating event network-vif-plugged:<*>b<*>-<*>-<*>-aa<*>-<*>c<*>b<*>b<*> for instance fecdd<*>a<*>-<*>ca<*>-<*>c<*>-<*>-<*>b<*>f<*>e,1
3111347c,[instance: fecdd<*>a<*>-<*>ca<*>-<*>c<*>-<*>-<*>b<*>f<*>e] VM Resumed (Lifecycle Event),2
053f5316,[instance: fecdd<*>a<*>-<*>ca<*>-<*>c<*>-<*>-<*>b<*>f<*>e] Instance spawned successfully.,1
1f08014a,[instance: fecdd<*>a<*>-<*>ca<*>-<*>c<*>-<*>-<*>b<*>f<*>e] Took <*>.<*> seconds to <*> the instance on the hypervisor.,2
b200501d,[instance: fecdd<*>a<*>-<*>ca<*>-<*>c<*>-<*>-<*>b<*>f<*>e] Took <*>.<*> seconds to build instance.,1
28c08c98,[instance: fecdd<*>a<*>-<*>ca<*>-<*>c<*>-<*>-<*>b<*>f<*>e] Terminating instance,1
a07d1c63,[instance: fecdd<*>a<*>-<*>ca<*>-<*>c<*>-<*>-<*>b<*>f<*>e] Instance destroyed successfully.,1
5692fbe8,[instance: fecdd<*>a<*>-<*>ca<*>-<*>c<*>-<*>-<*>b<*>f<*>e] Deleting instance files /var/lib/nova/instances/fecdd<*>a<*>-<*>ca<*>-<*>c<*>-<*>-<*>b<*>f<*>e_del,1
dd696d1b,[instance: fecdd<*>a<*>-<*>ca<*>-<*>c<*>-<*>-<*>b<*>f<*>e] Deletion of <*>complete,1
a8b3fe2d,[instance: fecdd<*>a<*>-<*>ca<*>-<*>c<*>-<*>-<*>b<*>f<*>e] Took <*>.<*> seconds to deallocate network for instance.,1
4675db06,"[instance: <*>a<*>d<*>-<*>b<*>-<*>c<*>-b<*>-<*>a<*>cadf] Attempting claim: memory <*> MB, disk <*> GB, vcpus <*> CPU",1
2623a385,"[instance: <*>a<*>d<*>-<*>b<*>-<*>c<*>-b<*>-<*>a<*>cadf] Total memory: <*> MB, used: <*>.<*> MB",1
fc061cf3,"[instance: <*>a<*>d<*>-<*>b<*>-<*>c<*>-b<*>-<*>a<*>cadf] memory limit: <*>.<*> MB, free: <*>.<*> MB",1
c004599e,"[instance: <*>a<*>d<*>-<*>b<*>-<*>c<*>-b<*>-<*>a<*>cadf] Total disk: <*> GB, used: <*>.<*> GB",1
418b2719,"[instance: <*>a<*>d<*>-<*>b<*>-<*>c<*>-b<*>-<*>a<*>cadf] disk limit not specified, defaulting to unlimited",1
5b1c8807,"[instance: <*>a<*>d<*>-<*>b<*>-<*>c<*>-b<*>-<*>a<*>cadf] Total vcpu: <*> VCPU, used: <*>.<*> VCPU",1
da52227c,"[instance: <*>a<*>d<*>-<*>b<*>-<*>c<*>-b<*>-<*>a<*>cadf] vcpu limit not specified, defaulting to unlimited",1
c2d84acd,[instance: <*>a<*>d<*>-<*>b<*>-<*>c<*>-b<*>-<*>a<*>cadf] Claim successful,1
c76063e3,[instance: <*>a<*>d<*>-<*>b<*>-<*>c<*>-b<*>-<*>a<*>cadf] Creating image,1
259d0e6f,[instance: fecdd<*>a<*>-<*>ca<*>-<*>c<*>-<*>-<*>b<*>f<*>e] VM Stopped (Lifecycle Event),1
8ce4c2e7,[instance: <*>a<*>d<*>-<*>b<*>-<*>c<*>-b<*>-<*>a<*>cadf] VM Started (Lifecycle Event),1
69135abe,[instance: <*>a<*>d<*>-<*>b<*>-<*>c<*>-b<*>-<*>a<*>cadf] VM Paused (Lifecycle Event),1
08c04d36,[instance: <*>a<*>d<*>-<*>b<*>-<*>c<*>-b<*>-<*>a<*>cadf] During sync_power_state the instance has a pending task (spawning). Skip.,2
94f0b4c6,Creating event network-vif-plugged:e<*>bf<*>-ae<*>-<*>e<*>-b<*>d<*>-<*>a<*>b<*>bed for instance <*>a<*>d<*>-<*>b<*>-<*>c<*>-b<*>-<*>a<*>cadf,1
3b381999,[instance: <*>a<*>d<*>-<*>b<*>-<*>c<*>-b<*>-<*>a<*>cadf] VM Resumed (Lifecycle Event),2
1bbdacbe,[instance: <*>a<*>d<*>-<*>b<*>-<*>c<*>-b<*>-<*>a<*>cadf] Instance spawned successfully.,1
229902ae,[instance: <*>a<*>d<*>-<*>b<*>-<*>c<*>-b<*>-<*>a<*>cadf] Took <*>.<*> seconds to <*> the instance on the hypervisor.,2
f4e4f912,[instance: <*>a<*>d<*>-<*>b<*>-<*>c<*>-b<*>-<*>a<*>cadf] Took <*>.<*> seconds to build instance.,1
1f9274be,[instance: <*>a<*>d<*>-<*>b<*>-<*>c<*>-b<*>-<*>a<*>cadf] Terminating instance,1
5c446ca7,[instance: <*>a<*>d<*>-<*>b<*>-<*>c<*>-b<*>-<*>a<*>cadf] Instance destroyed successfully.,1
a5838d31,[instance: <*>a<*>d<*>-<*>b<*>-<*>c<*>-b<*>-<*>a<*>cadf] Deleting instance files /var/lib/nova/instances/<*>a<*>d<*>-<*>b<*>-<*>c<*>-b<*>-<*>a<*>cadf_del,1
94e89347,[instance: <*>a<*>d<*>-<*>b<*>-<*>c<*>-b<*>-<*>a<*>cadf] Deletion of <*>complete,1
c5eae306,[instance: <*>a<*>d<*>-<*>b<*>-<*>c<*>-b<*>-<*>a<*>cadf] Took <*>.<*> seconds to deallocate network for instance.,1
16fecdd0,"[instance: d<*>b<*>eb-<*>d<*>a-<*>aa<*>-ba<*>b-<*>d<*>f<*>f<*>c] Attempting claim: memory <*> MB, disk <*> GB, vcpus <*> CPU",1
54751d9f,"[instance: d<*>b<*>eb-<*>d<*>a-<*>aa<*>-ba<*>b-<*>d<*>f<*>f<*>c] Total memory: <*> MB, used: <*>.<*> MB",1
271e353a,"[instance: d<*>b<*>eb-<*>d<*>a-<*>aa<*>-ba<*>b-<*>d<*>f<*>f<*>c] memory limit: <*>.<*> MB, free: <*>.<*> MB",1
286b04bb,"[instance: d<*>b<*>eb-<*>d<*>a-<*>aa<*>-ba<*>b-<*>d<*>f<*>f<*>c] Total disk: <*> GB, used: <*>.<*> GB",1
0c03bf78,"[instance: d<*>b<*>eb-<*>d<*>a-<*>aa<*>-ba<*>b-<*>d<*>f<*>f<*>c] disk limit not specified, defaulting to unlimited",1
76f4f4b7,"[instance: d<*>b<*>eb-<*>d<*>a-<*>aa<*>-ba<*>b-<*>d<*>f<*>f<*>c] Total vcpu: <*> VCPU, used: <*>.<*> VCPU",1
a95ee3ad,"[instance: d<*>b<*>eb-<*>d<*>a-<*>aa<*>-ba<*>b-<*>d<*>f<*>f<*>c] vcpu limit not specified, defaulting to unlimited",1
1c865b38,[instance: d<*>b<*>eb-<*>d<*>a-<*>aa<*>-ba<*>b-<*>d<*>f<*>f<*>c] Claim successful,1
82702778,[instance: d<*>b<*>eb-<*>d<*>a-<*>aa<*>-ba<*>b-<*>d<*>f<*>f<*>c] Creating image,1
9c902f0b,[instance: <*>a<*>d<*>-<*>b<*>-<*>c<*>-b<*>-<*>a<*>cadf] VM Stopped (Lifecycle Event),1
bbc23578,[instance: d<*>b<*>eb-<*>d<*>a-<*>aa<*>-ba<*>b-<*>d<*>f<*>f<*>c] VM Started (Lifecycle Event),1
ae1a5857,[instance: d<*>b<*>eb-<*>d<*>a-<*>aa<*>-ba<*>b-<*>d<*>f<*>f<*>c] VM Paused (Lifecycle Event),1
db157dc6,[instance: d<*>b<*>eb-<*>d<*>a-<*>aa<*>-ba<*>b-<*>d<*>f<*>f<*>c] During sync_power_state the instance has a pending task (spawning). Skip.,1
08c27d8c,Creating event network-vif-plugged:f<*>e<*>f<*>-<*>f<*>-<*>-<*>abf-<*>df<*>d<*>e<*>b<*> for instance d<*>b<*>eb-<*>d<*>a-<*>aa<*>-ba<*>b-<*>d<*>f<*>f<*>c,1
a2245125,[instance: d<*>b<*>eb-<*>d<*>a-<*>aa<*>-ba<*>b-<*>d<*>f<*>f<*>c] VM Resumed (Lifecycle Event),2
3ff2f03e,[instance: d<*>b<*>eb-<*>d<*>a-<*>aa<*>-ba<*>b-<*>d<*>f<*>f<*>c] Instance spawned successfully.,1
d2d8f9f3,[instance: d<*>b<*>eb-<*>d<*>a-<*>aa<*>-ba<*>b-<*>d<*>f<*>f<*>c] Took <*>.<*> seconds to <*> the instance on the hypervisor.,2
44741857,[instance: d<*>b<*>eb-<*>d<*>a-<*>aa<*>-ba<*>b-<*>d<*>f<*>f<*>c] Took <*>.<*> seconds to build instance.,1
c0ef24aa,[instance: d<*>b<*>eb-<*>d<*>a-<*>aa<*>-ba<*>b-<*>d<*>f<*>f<*>c] Terminating instance,1
112a5596,[instance: d<*>b<*>eb-<*>d<*>a-<*>aa<*>-ba<*>b-<*>d<*>f<*>f<*>c] Instance destroyed successfully.,1
ebddd24e,[instance: d<*>b<*>eb-<*>d<*>a-<*>aa<*>-ba<*>b-<*>d<*>f<*>f<*>c] Deleting instance files /var/lib/nova/instances/d<*>b<*>eb-<*>d<*>a-<*>aa<*>-ba<*>b-<*>d<*>f<*>f<*>c_del,1
afec7f91,[instance: d<*>b<*>eb-<*>d<*>a-<*>aa<*>-ba<*>b-<*>d<*>f<*>f<*>c] Deletion of <*>complete,1
bd2c7cf1,[instance: d<*>b<*>eb-<*>d<*>a-<*>aa<*>-ba<*>b-<*>d<*>f<*>f<*>c] Took <*>.<*> seconds to deallocate network for instance.,1
0006e727,"[instance: <*>ea<*>-cbf<*>-<*>f<*>e-<*>fe-<*>fd<*>f<*>] Attempting claim: memory <*> MB, disk <*> GB, vcpus <*> CPU",1
b60c0f17,"[instance: <*>ea<*>-cbf<*>-<*>f<*>e-<*>fe-<*>fd<*>f<*>] Total memory: <*> MB, used: <*>.<*> MB",1
51fb166c,"[instance: <*>ea<*>-cbf<*>-<*>f<*>e-<*>fe-<*>fd<*>f<*>] memory limit: <*>.<*> MB, free: <*>.<*> MB",1
24ae44c6,"[instance: <*>ea<*>-cbf<*>-<*>f<*>e-<*>fe-<*>fd<*>f<*>] Total disk: <*> GB, used: <*>.<*> GB",1
3d7123f7,"[instance: <*>ea<*>-cbf<*>-<*>f<*>e-<*>fe-<*>fd<*>f<*>] disk limit not specified, defaulting to unlimited",1
8c8cab73,"[instance: <*>ea<*>-cbf<*>-<*>f<*>e-<*>fe-<*>fd<*>f<*>] Total vcpu: <*> VCPU, used: <*>.<*> VCPU",1
ae1d6198,"[instance: <*>ea<*>-cbf<*>-<*>f<*>e-<*>fe-<*>fd<*>f<*>] vcpu limit not specified, defaulting to unlimited",1
96028dd1,[instance: <*>ea<*>-cbf<*>-<*>f<*>e-<*>fe-<*>fd<*>f<*>] Claim successful,1
fb495cdc,[instance: <*>ea<*>-cbf<*>-<*>f<*>e-<*>fe-<*>fd<*>f<*>] Creating image,1
9744709b,[instance: d<*>b<*>eb-<*>d<*>a-<*>aa<*>-ba<*>b-<*>d<*>f<*>f<*>c] VM Stopped (Lifecycle Event),1
c816762b,[instance: <*>ea<*>-cbf<*>-<*>f<*>e-<*>fe-<*>fd<*>f<*>] VM Started (Lifecycle Event),1
46bf3450,[instance: <*>ea<*>-cbf<*>-<*>f<*>e-<*>fe-<*>fd<*>f<*>] VM Paused (Lifecycle Event),1
2dcd4dee,[instance: <*>ea<*>-cbf<*>-<*>f<*>e-<*>fe-<*>fd<*>f<*>] During sync_power_state the instance has a pending task (spawning). Skip.,2
f3d36c69,Creating event network-vif-plugged:<*>a<*>ed-<*>-<*>-<*>e-f<*>ac<*>acc<*>d for instance <*>ea<*>-cbf<*>-<*>f<*>e-<*>fe-<*>fd<*>f<*>,1
d7d6b256,[instance: <*>ea<*>-cbf<*>-<*>f<*>e-<*>fe-<*>fd<*>f<*>] VM Resumed (Lifecycle Event),2
3ce1308a,[instance: <*>ea<*>-cbf<*>-<*>f<*>e-<*>fe-<*>fd<*>f<*>] Instance spawned successfully.,1
c493e2bf,[instance: <*>ea<*>-cbf<*>-<*>f<*>e-<*>fe-<*>fd<*>f<*>] Took <*>.<*> seconds to <*> the instance on the hypervisor.,2
b80d8e3e,[instance: <*>ea<*>-cbf<*>-<*>f<*>e-<*>fe-<*>fd<*>f<*>] Took <*>.<*> seconds to build instance.,1
2db47659,[instance: <*>ea<*>-cbf<*>-<*>f<*>e-<*>fe-<*>fd<*>f<*>] Terminating instance,1
8be4797d,[instance: <*>ea<*>-cbf<*>-<*>f<*>e-<*>fe-<*>fd<*>f<*>] Instance destroyed successfully.,1
d62f463e,[instance: <*>ea<*>-cbf<*>-<*>f<*>e-<*>fe-<*>fd<*>f<*>] Deleting instance files /var/lib/nova/instances/<*>ea<*>-cbf<*>-<*>f<*>e-<*>fe-<*>fd<*>f<*>_del,1
671cfc57,[instance: <*>ea<*>-cbf<*>-<*>f<*>e-<*>fe-<*>fd<*>f<*>] Deletion of <*>complete,1
434bb3e0,[instance: <*>ea<*>-cbf<*>-<*>f<*>e-<*>fe-<*>fd<*>f<*>] Took <*>.<*> seconds to deallocate network for instance.,1
2fa1a466,"[instance: <*>c<*>b-c<*>b-<*>c<*>-b<*>-<*>afe<*>f<*>ff<*>] Attempting claim: memory <*> MB, disk <*> GB, vcpus <*> CPU",1
6dab0d58,"[instance: <*>c<*>b-c<*>b-<*>c<*>-b<*>-<*>afe<*>f<*>ff<*>] Total memory: <*> MB, used: <*>.<*> MB",1
e6d5a4a0,"[instance: <*>c<*>b-c<*>b-<*>c<*>-b<*>-<*>afe<*>f<*>ff<*>] memory limit: <*>.<*> MB, free: <*>.<*> MB",1
5e73504b,"[instance: <*>c<*>b-c<*>b-<*>c<*>-b<*>-<*>afe<*>f<*>ff<*>] Total disk: <*> GB, used: <*>.<*> GB",1
4de8289d,"[instance: <*>c<*>b-c<*>b-<*>c<*>-b<*>-<*>afe<*>f<*>ff<*>] disk limit not specified, defaulting to unlimited",1
ce502c4f,"[instance: <*>c<*>b-c<*>b-<*>c<*>-b<*>-<*>afe<*>f<*>ff<*>] Total vcpu: <*> VCPU, used: <*>.<*> VCPU",1
fbce4fc9,"[instance: <*>c<*>b-c<*>b-<*>c<*>-b<*>-<*>afe<*>f<*>ff<*>] vcpu limit not specified, defaulting to unlimited",1
38f69b4e,[instance: <*>c<*>b-c<*>b-<*>c<*>-b<*>-<*>afe<*>f<*>ff<*>] Claim successful,1
db8a2136,[instance: <*>c<*>b-c<*>b-<*>c<*>-b<*>-<*>afe<*>f<*>ff<*>] Creating image,1
89372274,[instance: <*>ea<*>-cbf<*>-<*>f<*>e-<*>fe-<*>fd<*>f<*>] VM Stopped (Lifecycle Event),1
28e6b7b9,[instance: <*>c<*>b-c<*>b-<*>c<*>-b<*>-<*>afe<*>f<*>ff<*>] VM Started (Lifecycle Event),1
bed06ec8,[instance: <*>c<*>b-c<*>b-<*>c<*>-b<*>-<*>afe<*>f<*>ff<*>] VM Paused (Lifecycle Event),1
69e0d275,[instance: <*>c<*>b-c<*>b-<*>c<*>-b<*>-<*>afe<*>f<*>ff<*>] During sync_power_state the instance has a pending task (spawning). Skip.,2
cf0f1496,Creating event network-vif-plugged:<*>bb<*>c<*>a<*>-effa-<*>-<*>cf<*>-<*>b<*>a<*>df<*> for instance <*>c<*>b-c<*>b-<*>c<*>-b<*>-<*>afe<*>f<*>ff<*>,1
19b16c46,[instance: <*>c<*>b-c<*>b-<*>c<*>-b<*>-<*>afe<*>f<*>ff<*>] VM Resumed (Lifecycle Event),2
16b39c90,[instance: <*>c<*>b-c<*>b-<*>c<*>-b<*>-<*>afe<*>f<*>ff<*>] Instance spawned successfully.,1
bb936264,[instance: <*>c<*>b-c<*>b-<*>c<*>-b<*>-<*>afe<*>f<*>ff<*>] Took <*>.<*> seconds to <*> the instance on the hypervisor.,2
f18a7643,[instance: <*>c<*>b-c<*>b-<*>c<*>-b<*>-<*>afe<*>f<*>ff<*>] Took <*>.<*> seconds to build instance.,1
197986f7,[instance: <*>c<*>b-c<*>b-<*>c<*>-b<*>-<*>afe<*>f<*>ff<*>] Terminating instance,1
ed768824,[instance: <*>c<*>b-c<*>b-<*>c<*>-b<*>-<*>afe<*>f<*>ff<*>] Instance destroyed successfully.,1
e788dac3,[instance: <*>c<*>b-c<*>b-<*>c<*>-b<*>-<*>afe<*>f<*>ff<*>] Deleting instance files /var/lib/nova/instances/<*>c<*>b-c<*>b-<*>c<*>-b<*>-<*>afe<*>f<*>ff<*>_del,1
32bb3099,[instance: <*>c<*>b-c<*>b-<*>c<*>-b<*>-<*>afe<*>f<*>ff<*>] Deletion of <*>complete,1
cfe87090,[instance: <*>c<*>b-c<*>b-<*>c<*>-b<*>-<*>afe<*>f<*>ff<*>] Took <*>.<*> seconds to deallocate network for instance.,1
4e521c8a,"[instance: bf<*>c<*>d-f<*>-<*>-a<*>e-e<*>da<*>e] Attempting claim: memory <*> MB, disk <*> GB, vcpus <*> CPU",1
cdf87e31,"[instance: bf<*>c<*>d-f<*>-<*>-a<*>e-e<*>da<*>e] Total memory: <*> MB, used: <*>.<*> MB",1
d900fb5b,"[instance: bf<*>c<*>d-f<*>-<*>-a<*>e-e<*>da<*>e] memory limit: <*>.<*> MB, free: <*>.<*> MB",1
aaaad419,"[instance: bf<*>c<*>d-f<*>-<*>-a<*>e-e<*>da<*>e] Total disk: <*> GB, used: <*>.<*> GB",1
09827836,"[instance: bf<*>c<*>d-f<*>-<*>-a<*>e-e<*>da<*>e] disk limit not specified, defaulting to unlimited",1
19dc7347,"[instance: bf<*>c<*>d-f<*>-<*>-a<*>e-e<*>da<*>e] Total vcpu: <*> VCPU, used: <*>.<*> VCPU",1
eb2f5bf1,"[instance: bf<*>c<*>d-f<*>-<*>-a<*>e-e<*>da<*>e] vcpu limit not specified, defaulting to unlimited",1
f3120a51,[instance: bf<*>c<*>d-f<*>-<*>-a<*>e-e<*>da<*>e] Claim successful,1
854f360a,[instance: bf<*>c<*>d-f<*>-<*>-a<*>e-e<*>da<*>e] Creating image,1
f953c42e,[instance: <*>c<*>b-c<*>b-<*>c<*>-b<*>-<*>afe<*>f<*>ff<*>] VM Stopped (Lifecycle Event),1
7d8b6b51,"While synchronizing instance power states, found <*> instances in the database and <*> instances on the hypervisor.",1
3d9f0dba,[instance: bf<*>c<*>d-f<*>-<*>-a<*>e-e<*>da<*>e] VM Started (Lifecycle Event),1
e3dfb7b6,[instance: bf<*>c<*>d-f<*>-<*>-a<*>e-e<*>da<*>e] VM Paused (Lifecycle Event),1
075c5795,[instance: bf<*>c<*>d-f<*>-<*>-a<*>e-e<*>da<*>e] During sync_power_state the instance has a pending task (spawning). Skip.,3
f0ac4baa,Creating event network-vif-plugged:<*>c<*>b<*>a-<*>a<*>-<*>d<*>-<*>-<*>c<*>aa<*> for instance bf<*>c<*>d-f<*>-<*>-a<*>e-e<*>da<*>e,1
27a1c990,[instance: bf<*>c<*>d-f<*>-<*>-a<*>e-e<*>da<*>e] VM Resumed (Lifecycle Event),2
04d8b3ce,[instance: bf<*>c<*>d-f<*>-<*>-a<*>e-e<*>da<*>e] Instance spawned successfully.,1
4b2fa4d9,[instance: bf<*>c<*>d-f<*>-<*>-a<*>e-e<*>da<*>e] Took <*>.<*> seconds to <*> the instance on the hypervisor.,2
495bff78,[instance: bf<*>c<*>d-f<*>-<*>-a<*>e-e<*>da<*>e] Took <*>.<*> seconds to build instance.,1
d42c9569,[instance: bf<*>c<*>d-f<*>-<*>-a<*>e-e<*>da<*>e] Terminating instance,1
8147fa4d,[instance: bf<*>c<*>d-f<*>-<*>-a<*>e-e<*>da<*>e] Instance destroyed successfully.,1
37db9f81,[instance: bf<*>c<*>d-f<*>-<*>-a<*>e-e<*>da<*>e] Deleting instance files /var/lib/nova/instances/bf<*>c<*>d-f<*>-<*>-a<*>e-e<*>da<*>e_del,1
b042d253,[instance: bf<*>c<*>d-f<*>-<*>-a<*>e-e<*>da<*>e] Deletion of <*>complete,1
8e826889,[instance: bf<*>c<*>d-f<*>-<*>-a<*>e-e<*>da<*>e] Took <*>.<*> seconds to deallocate network for instance.,1
0345bfba,"[instance: be<*>e<*>-<*>cc<*>-<*>f<*>-<*>-<*>c<*>a<*>a<*>bc] Attempting claim: memory <*> MB, disk <*> GB, vcpus <*> CPU",1
bdbc9668,"[instance: be<*>e<*>-<*>cc<*>-<*>f<*>-<*>-<*>c<*>a<*>a<*>bc] Total memory: <*> MB, used: <*>.<*> MB",1
a38f2f30,"[instance: be<*>e<*>-<*>cc<*>-<*>f<*>-<*>-<*>c<*>a<*>a<*>bc] memory limit: <*>.<*> MB, free: <*>.<*> MB",1
84efaa68,"[instance: be<*>e<*>-<*>cc<*>-<*>f<*>-<*>-<*>c<*>a<*>a<*>bc] Total disk: <*> GB, used: <*>.<*> GB",1
d33c2563,"[instance: be<*>e<*>-<*>cc<*>-<*>f<*>-<*>-<*>c<*>a<*>a<*>bc] disk limit not specified, defaulting to unlimited",1
e5b94d55,"[instance: be<*>e<*>-<*>cc<*>-<*>f<*>-<*>-<*>c<*>a<*>a<*>bc] Total vcpu: <*> VCPU, used: <*>.<*> VCPU",1
8982f513,"[instance: be<*>e<*>-<*>cc<*>-<*>f<*>-<*>-<*>c<*>a<*>a<*>bc] vcpu limit not specified, defaulting to unlimited",1
e7ab53f1,[instance: be<*>e<*>-<*>cc<*>-<*>f<*>-<*>-<*>c<*>a<*>a<*>bc] Claim successful,1
409c3f77,[instance: be<*>e<*>-<*>cc<*>-<*>f<*>-<*>-<*>c<*>a<*>a<*>bc] Creating image,1
0c3674f3,[instance: bf<*>c<*>d-f<*>-<*>-a<*>e-e<*>da<*>e] VM Stopped (Lifecycle Event),1
f2ae9abd,[instance: be<*>e<*>-<*>cc<*>-<*>f<*>-<*>-<*>c<*>a<*>a<*>bc] VM Started (Lifecycle Event),1
ac847b83,[instance: be<*>e<*>-<*>cc<*>-<*>f<*>-<*>-<*>c<*>a<*>a<*>bc] VM Paused (Lifecycle Event),1
6328e663,[instance: be<*>e<*>-<*>cc<*>-<*>f<*>-<*>-<*>c<*>a<*>a<*>bc] During sync_power_state the instance has a pending task (spawning). Skip.,2
bc2da2ea,Creating event network-vif-plugged:<*>c<*>f-<*>d<*>-<*>-ae<*>b-<*>bca<*>d<*>a<*> for instance be<*>e<*>-<*>cc<*>-<*>f<*>-<*>-<*>c<*>a<*>a<*>bc,1
04caf7e9,[instance: be<*>e<*>-<*>cc<*>-<*>f<*>-<*>-<*>c<*>a<*>a<*>bc] VM Resumed (Lifecycle Event),2
3a636f97,[instance: be<*>e<*>-<*>cc<*>-<*>f<*>-<*>-<*>c<*>a<*>a<*>bc] Instance spawned successfully.,1
2270220b,[instance: be<*>e<*>-<*>cc<*>-<*>f<*>-<*>-<*>c<*>a<*>a<*>bc] Took <*>.<*> seconds to <*> the instance on the hypervisor.,2
342be423,[instance: be<*>e<*>-<*>cc<*>-<*>f<*>-<*>-<*>c<*>a<*>a<*>bc] Took <*>.<*> seconds to build instance.,1
578c65df,[instance: be<*>e<*>-<*>cc<*>-<*>f<*>-<*>-<*>c<*>a<*>a<*>bc] Terminating instance,1
fc398008,[instance: be<*>e<*>-<*>cc<*>-<*>f<*>-<*>-<*>c<*>a<*>a<*>bc] Instance destroyed successfully.,1
676b4301,[instance: be<*>e<*>-<*>cc<*>-<*>f<*>-<*>-<*>c<*>a<*>a<*>bc] Deleting instance files /var/lib/nova/instances/be<*>e<*>-<*>cc<*>-<*>f<*>-<*>-<*>c<*>a<*>a<*>bc_del,1
f2a0815f,[instance: be<*>e<*>-<*>cc<*>-<*>f<*>-<*>-<*>c<*>a<*>a<*>bc] Deletion of <*>complete,1
99089cfd,[instance: be<*>e<*>-<*>cc<*>-<*>f<*>-<*>-<*>c<*>a<*>a<*>bc] Took <*>.<*> seconds to deallocate network for instance.,1
1f67b845,"[instance: a<*>cf<*>-<*>bb-<*>-a<*>d-<*>c<*>ac<*>a<*>d] Attempting claim: memory <*> MB, disk <*> GB, vcpus <*> CPU",1
06100325,"[instance: a<*>cf<*>-<*>bb-<*>-a<*>d-<*>c<*>ac<*>a<*>d] Total memory: <*> MB, used: <*>.<*> MB",1
bdb1f79a,"[instance: a<*>cf<*>-<*>bb-<*>-a<*>d-<*>c<*>ac<*>a<*>d] memory limit: <*>.<*> MB, free: <*>.<*> MB",1
a9c026ce,"[instance: a<*>cf<*>-<*>bb-<*>-a<*>d-<*>c<*>ac<*>a<*>d] Total disk: <*> GB, used: <*>.<*> GB",1
73981485,"[instance: a<*>cf<*>-<*>bb-<*>-a<*>d-<*>c<*>ac<*>a<*>d] disk limit not specified, defaulting to unlimited",1
1f607820,"[instance: a<*>cf<*>-<*>bb-<*>-a<*>d-<*>c<*>ac<*>a<*>d] Total vcpu: <*> VCPU, used: <*>.<*> VCPU",1
f9da1f2e,"[instance: a<*>cf<*>-<*>bb-<*>-a<*>d-<*>c<*>ac<*>a<*>d] vcpu limit not specified, defaulting to unlimited",1
435a360a,[instance: a<*>cf<*>-<*>bb-<*>-a<*>d-<*>c<*>ac<*>a<*>d] Claim successful,1
c67fd998,[instance: a<*>cf<*>-<*>bb-<*>-a<*>d-<*>c<*>ac<*>a<*>d] Creating image,1
8b344e60,[instance: be<*>e<*>-<*>cc<*>-<*>f<*>-<*>-<*>c<*>a<*>a<*>bc] VM Stopped (Lifecycle Event),1
69127f50,[instance: a<*>cf<*>-<*>bb-<*>-a<*>d-<*>c<*>ac<*>a<*>d] VM Started (Lifecycle Event),1
eafa9c8c,[instance: a<*>cf<*>-<*>bb-<*>-a<*>d-<*>c<*>ac<*>a<*>d] VM Paused (Lifecycle Event),1
7c5e56de,[instance: a<*>cf<*>-<*>bb-<*>-a<*>d-<*>c<*>ac<*>a<*>d] During sync_power_state the instance has a pending task (spawning). Skip.,1
ed4f37b1,Creating event network-vif-plugged:<*>ba<*>-<*>ef-<*>f<*>-<*>d<*>-d<*>c<*>f<*>cb<*> for instance a<*>cf<*>-<*>bb-<*>-a<*>d-<*>c<*>ac<*>a<*>d,1
9c89de41,[instance: a<*>cf<*>-<*>bb-<*>-a<*>d-<*>c<*>ac<*>a<*>d] VM Resumed (Lifecycle Event),2
0471c181,[instance: a<*>cf<*>-<*>bb-<*>-a<*>d-<*>c<*>ac<*>a<*>d] Instance spawned successfully.,1
2632c6ef,[instance: a<*>cf<*>-<*>bb-<*>-a<*>d-<*>c<*>ac<*>a<*>d] Took <*>.<*> seconds to <*> the instance on the hypervisor.,2
9a833d61,[instance: a<*>cf<*>-<*>bb-<*>-a<*>d-<*>c<*>ac<*>a<*>d] Took <*>.<*> seconds to build instance.,1
960620ec,[instance: a<*>cf<*>-<*>bb-<*>-a<*>d-<*>c<*>ac<*>a<*>d] Terminating instance,1
2e28b4ae,[instance: a<*>cf<*>-<*>bb-<*>-a<*>d-<*>c<*>ac<*>a<*>d] Instance destroyed successfully.,1
7819da45,[instance: a<*>cf<*>-<*>bb-<*>-a<*>d-<*>c<*>ac<*>a<*>d] Deleting instance files /var/lib/nova/instances/a<*>cf<*>-<*>bb-<*>-a<*>d-<*>c<*>ac<*>a<*>d_del,1
34ec249b,[instance: a<*>cf<*>-<*>bb-<*>-a<*>d-<*>c<*>ac<*>a<*>d] Deletion of <*>complete,1
09d29721,[instance: a<*>cf<*>-<*>bb-<*>-a<*>d-<*>c<*>ac<*>a<*>d] Took <*>.<*> seconds to deallocate network for instance.,1
779aa3e0,"[instance: d<*>a<*>b-<*>-<*>-bdcc-<*>b<*>d<*>d] Attempting claim: memory <*> MB, disk <*> GB, vcpus <*> CPU",1
c12f056e,"[instance: d<*>a<*>b-<*>-<*>-bdcc-<*>b<*>d<*>d] Total memory: <*> MB, used: <*>.<*> MB",1
7b8f67eb,"[instance: d<*>a<*>b-<*>-<*>-bdcc-<*>b<*>d<*>d] memory limit: <*>.<*> MB, free: <*>.<*> MB",1
0452b8d5,"[instance: d<*>a<*>b-<*>-<*>-bdcc-<*>b<*>d<*>d] Total disk: <*> GB, used: <*>.<*> GB",1
a55e0bc8,"[instance: d<*>a<*>b-<*>-<*>-bdcc-<*>b<*>d<*>d] disk limit not specified, defaulting to unlimited",1
c2da2278,"[instance: d<*>a<*>b-<*>-<*>-bdcc-<*>b<*>d<*>d] Total vcpu: <*> VCPU, used: <*>.<*> VCPU",1
71d6e1bf,"[instance: d<*>a<*>b-<*>-<*>-bdcc-<*>b<*>d<*>d] vcpu limit not specified, defaulting to unlimited",1
6679b811,[instance: d<*>a<*>b-<*>-<*>-bdcc-<*>b<*>d<*>d] Claim successful,1
0a6e2d75,[instance: d<*>a<*>b-<*>-<*>-bdcc-<*>b<*>d<*>d] Creating image,1
d55971ee,[instance: a<*>cf<*>-<*>bb-<*>-a<*>d-<*>c<*>ac<*>a<*>d] VM Stopped (Lifecycle Event),1
78e8b538,[instance: d<*>a<*>b-<*>-<*>-bdcc-<*>b<*>d<*>d] VM Started (Lifecycle Event),1
53e3a159,[instance: d<*>a<*>b-<*>-<*>-bdcc-<*>b<*>d<*>d] VM Paused (Lifecycle Event),1
367744d1,[instance: d<*>a<*>b-<*>-<*>-bdcc-<*>b<*>d<*>d] During sync_power_state the instance has a pending task (spawning). Skip.,2
cc778b65,Creating event network-vif-plugged:a<*>c<*>d-<*>cb-<*>ef<*>-b<*>c<*>-dbc<*>c<*>a<*>bd<*>c for instance d<*>a<*>b-<*>-<*>-bdcc-<*>b<*>d<*>d,1
ebfb23e7,[instance: d<*>a<*>b-<*>-<*>-bdcc-<*>b<*>d<*>d] VM Resumed (Lifecycle Event),2
9cd4c243,[instance: d<*>a<*>b-<*>-<*>-bdcc-<*>b<*>d<*>d] Instance spawned successfully.,1
ea49bece,[instance: d<*>a<*>b-<*>-<*>-bdcc-<*>b<*>d<*>d] Took <*>.<*> seconds to <*> the instance on the hypervisor.,2
f3ccc3f3,[instance: d<*>a<*>b-<*>-<*>-bdcc-<*>b<*>d<*>d] Took <*>.<*> seconds to build instance.,1
8c76a138,[instance: d<*>a<*>b-<*>-<*>-bdcc-<*>b<*>d<*>d] Terminating instance,1
06128711,[instance: d<*>a<*>b-<*>-<*>-bdcc-<*>b<*>d<*>d] Instance destroyed successfully.,1
611b5eae,[instance: d<*>a<*>b-<*>-<*>-bdcc-<*>b<*>d<*>d] Deleting instance files /var/lib/nova/instances/d<*>a<*>b-<*>-<*>-bdcc-<*>b<*>d<*>d_del,1
93c28803,[instance: d<*>a<*>b-<*>-<*>-bdcc-<*>b<*>d<*>d] Deletion of <*>complete,1
80769c60,[instance: d<*>a<*>b-<*>-<*>-bdcc-<*>b<*>d<*>d] Took <*>.<*> seconds to deallocate network for instance.,1
79e3ed6c,"[instance: d<*>b<*>bd<*>-<*>-<*>-<*>-fffdd<*>ea<*>e] Attempting claim: memory <*> MB, disk <*> GB, vcpus <*> CPU",1
b9c968b8,"[instance: d<*>b<*>bd<*>-<*>-<*>-<*>-fffdd<*>ea<*>e] Total memory: <*> MB, used: <*>.<*> MB",1
43627217,"[instance: d<*>b<*>bd<*>-<*>-<*>-<*>-fffdd<*>ea<*>e] memory limit: <*>.<*> MB, free: <*>.<*> MB",1
6d1111a5,"[instance: d<*>b<*>bd<*>-<*>-<*>-<*>-fffdd<*>ea<*>e] Total disk: <*> GB, used: <*>.<*> GB",1
518e49b6,"[instance: d<*>b<*>bd<*>-<*>-<*>-<*>-fffdd<*>ea<*>e] disk limit not specified, defaulting to unlimited",1
4bb4600b,"[instance: d<*>b<*>bd<*>-<*>-<*>-<*>-fffdd<*>ea<*>e] Total vcpu: <*> VCPU, used: <*>.<*> VCPU",1
23d8df9e,"[instance: d<*>b<*>bd<*>-<*>-<*>-<*>-fffdd<*>ea<*>e] vcpu limit not specified, defaulting to unlimited",1
745bae1e,[instance: d<*>b<*>bd<*>-<*>-<*>-<*>-fffdd<*>ea<*>e] Claim successful,1
edec6d57,[instance: d<*>b<*>bd<*>-<*>-<*>-<*>-fffdd<*>ea<*>e] Creating image,1
cfdfe487,[instance: d<*>a<*>b-<*>-<*>-bdcc-<*>b<*>d<*>d] VM Stopped (Lifecycle Event),1
e8a13577,[instance: d<*>b<*>bd<*>-<*>-<*>-<*>-fffdd<*>ea<*>e] VM Started (Lifecycle Event),1
005b94a6,[instance: d<*>b<*>bd<*>-<*>-<*>-<*>-fffdd<*>ea<*>e] VM Paused (Lifecycle Event),1
03152cab,[instance: d<*>b<*>bd<*>-<*>-<*>-<*>-fffdd<*>ea<*>e] During sync_power_state the instance has a pending task (spawning). Skip.,2
49f00115,Creating event network-vif-plugged:<*>b<*>aca<*>-<*>e-<*>-<*>ff<*>-<*>d<*>ff<*> for instance d<*>b<*>bd<*>-<*>-<*>-<*>-fffdd<*>ea<*>e,1
1033082e,[instance: d<*>b<*>bd<*>-<*>-<*>-<*>-fffdd<*>ea<*>e] VM Resumed (Lifecycle Event),2
23d4aff3,[instance: d<*>b<*>bd<*>-<*>-<*>-<*>-fffdd<*>ea<*>e] Instance spawned successfully.,1
1e9f0bac,[instance: d<*>b<*>bd<*>-<*>-<*>-<*>-fffdd<*>ea<*>e] Took <*>.<*> seconds to <*> the instance on the hypervisor.,2
099c3860,[instance: d<*>b<*>bd<*>-<*>-<*>-<*>-fffdd<*>ea<*>e] Took <*>.<*> seconds to build instance.,1
18fafc19,[instance: d<*>b<*>bd<*>-<*>-<*>-<*>-fffdd<*>ea<*>e] Terminating instance,1
dab66a85,[instance: d<*>b<*>bd<*>-<*>-<*>-<*>-fffdd<*>ea<*>e] Instance destroyed successfully.,1
84790082,[instance: d<*>b<*>bd<*>-<*>-<*>-<*>-fffdd<*>ea<*>e] Deleting instance files /var/lib/nova/instances/d<*>b<*>bd<*>-<*>-<*>-<*>-fffdd<*>ea<*>e_del,1
cbb316a8,[instance: d<*>b<*>bd<*>-<*>-<*>-<*>-fffdd<*>ea<*>e] Deletion of <*>complete,1
fe269be5,[instance: d<*>b<*>bd<*>-<*>-<*>-<*>-fffdd<*>ea<*>e] Took <*>.<*> seconds to deallocate network for instance.,1
554fcb62,"[instance: <*>e<*>a-<*>fe<*>-<*>-<*>b<*>-<*>ac<*>e<*>] Attempting claim: memory <*> MB, disk <*> GB, vcpus <*> CPU",1
39272af3,"[instance: <*>e<*>a-<*>fe<*>-<*>-<*>b<*>-<*>ac<*>e<*>] Total memory: <*> MB, used: <*>.<*> MB",1
aade8573,"[instance: <*>e<*>a-<*>fe<*>-<*>-<*>b<*>-<*>ac<*>e<*>] memory limit: <*>.<*> MB, free: <*>.<*> MB",1
a8508b07,"[instance: <*>e<*>a-<*>fe<*>-<*>-<*>b<*>-<*>ac<*>e<*>] Total disk: <*> GB, used: <*>.<*> GB",1
dea49b39,"[instance: <*>e<*>a-<*>fe<*>-<*>-<*>b<*>-<*>ac<*>e<*>] disk limit not specified, defaulting to unlimited",1
497c24aa,"[instance: <*>e<*>a-<*>fe<*>-<*>-<*>b<*>-<*>ac<*>e<*>] Total vcpu: <*> VCPU, used: <*>.<*> VCPU",1
9b80136f,"[instance: <*>e<*>a-<*>fe<*>-<*>-<*>b<*>-<*>ac<*>e<*>] vcpu limit not specified, defaulting to unlimited",1
8a5557ac,[instance: <*>e<*>a-<*>fe<*>-<*>-<*>b<*>-<*>ac<*>e<*>] Claim successful,1
a72a6901,[instance: <*>e<*>a-<*>fe<*>-<*>-<*>b<*>-<*>ac<*>e<*>] Creating image,1
50f0a71a,[instance: d<*>b<*>bd<*>-<*>-<*>-<*>-fffdd<*>ea<*>e] VM Stopped (Lifecycle Event),1
81542c1d,[instance: <*>e<*>a-<*>fe<*>-<*>-<*>b<*>-<*>ac<*>e<*>] VM Started (Lifecycle Event),1
51e0b95e,[instance: <*>e<*>a-<*>fe<*>-<*>-<*>b<*>-<*>ac<*>e<*>] VM Paused (Lifecycle Event),1
182cb440,[instance: <*>e<*>a-<*>fe<*>-<*>-<*>b<*>-<*>ac<*>e<*>] During sync_power_state the instance has a pending task (spawning). Skip.,2
168dd1df,Creating event network-vif-plugged:b<*>f<*>d-d<*>bd-<*>-b<*>f-<*>e<*>fe<*>c<*>c for instance <*>e<*>a-<*>fe<*>-<*>-<*>b<*>-<*>ac<*>e<*>,1
022551ac,[instance: <*>e<*>a-<*>fe<*>-<*>-<*>b<*>-<*>ac<*>e<*>] VM Resumed (Lifecycle Event),2
f4617c84,[instance: <*>e<*>a-<*>fe<*>-<*>-<*>b<*>-<*>ac<*>e<*>] Instance spawned successfully.,1
31b2c3e2,[instance: <*>e<*>a-<*>fe<*>-<*>-<*>b<*>-<*>ac<*>e<*>] Took <*>.<*> seconds to <*> the instance on the hypervisor.,2
0840efff,[instance: <*>e<*>a-<*>fe<*>-<*>-<*>b<*>-<*>ac<*>e<*>] Took <*>.<*> seconds to build instance.,1
0d8fc529,[instance: <*>e<*>a-<*>fe<*>-<*>-<*>b<*>-<*>ac<*>e<*>] Terminating instance,1
536ed23e,[instance: <*>e<*>a-<*>fe<*>-<*>-<*>b<*>-<*>ac<*>e<*>] Instance destroyed successfully.,1
cf69895d,[instance: <*>e<*>a-<*>fe<*>-<*>-<*>b<*>-<*>ac<*>e<*>] Deleting instance files /var/lib/nova/instances/<*>e<*>a-<*>fe<*>-<*>-<*>b<*>-<*>ac<*>e<*>_del,1
ffaabe8d,[instance: <*>e<*>a-<*>fe<*>-<*>-<*>b<*>-<*>ac<*>e<*>] Deletion of <*>complete,1
eaa82bd5,[instance: <*>e<*>a-<*>fe<*>-<*>-<*>b<*>-<*>ac<*>e<*>] Took <*>.<*> seconds to deallocate network for instance.,1
bffdd175,"[instance: c<*>f<*>f<*>-<*>c-<*>ea<*>-b<*>e<*>-<*>edfcfbf] Attempting claim: memory <*> MB, disk <*> GB, vcpus <*> CPU",1
7adeff60,"[instance: c<*>f<*>f<*>-<*>c-<*>ea<*>-b<*>e<*>-<*>edfcfbf] Total memory: <*> MB, used: <*>.<*> MB",1
1d5a54f1,"[instance: c<*>f<*>f<*>-<*>c-<*>ea<*>-b<*>e<*>-<*>edfcfbf] memory limit: <*>.<*> MB, free: <*>.<*> MB",1
83375766,"[instance: c<*>f<*>f<*>-<*>c-<*>ea<*>-b<*>e<*>-<*>edfcfbf] Total disk: <*> GB, used: <*>.<*> GB",1
e28bf5f7,"[instance: c<*>f<*>f<*>-<*>c-<*>ea<*>-b<*>e<*>-<*>edfcfbf] disk limit not specified, defaulting to unlimited",1
cc87dc02,"[instance: c<*>f<*>f<*>-<*>c-<*>ea<*>-b<*>e<*>-<*>edfcfbf] Total vcpu: <*> VCPU, used: <*>.<*> VCPU",1
3f9fc346,"[instance: c<*>f<*>f<*>-<*>c-<*>ea<*>-b<*>e<*>-<*>edfcfbf] vcpu limit not specified, defaulting to unlimited",1
7a0e71d5,[instance: c<*>f<*>f<*>-<*>c-<*>ea<*>-b<*>e<*>-<*>edfcfbf] Claim successful,1
26d15288,[instance: c<*>f<*>f<*>-<*>c-<*>ea<*>-b<*>e<*>-<*>edfcfbf] Creating image,1
93277644,[instance: <*>e<*>a-<*>fe<*>-<*>-<*>b<*>-<*>ac<*>e<*>] VM Stopped (Lifecycle Event),1
a4ac943d,[instance: c<*>f<*>f<*>-<*>c-<*>ea<*>-b<*>e<*>-<*>edfcfbf] VM Started (Lifecycle Event),1
819f15bd,[instance: c<*>f<*>f<*>-<*>c-<*>ea<*>-b<*>e<*>-<*>edfcfbf] VM Paused (Lifecycle Event),1
64fa83fa,[instance: c<*>f<*>f<*>-<*>c-<*>ea<*>-b<*>e<*>-<*>edfcfbf] During sync_power_state the instance has a pending task (spawning). Skip.,2
453d0e9e,Creating event network-vif-plugged:b<*>a<*>d<*>-ce<*>e-<*>ff-bb<*>d-a<*>b<*>f<*>e<*> for instance c<*>f<*>f<*>-<*>c-<*>ea<*>-b<*>e<*>-<*>edfcfbf,1
1f75bae4,[instance: c<*>f<*>f<*>-<*>c-<*>ea<*>-b<*>e<*>-<*>edfcfbf] VM Resumed (Lifecycle Event),2
0034fba7,[instance: c<*>f<*>f<*>-<*>c-<*>ea<*>-b<*>e<*>-<*>edfcfbf] Instance spawned successfully.,1
a902efb4,[instance: c<*>f<*>f<*>-<*>c-<*>ea<*>-b<*>e<*>-<*>edfcfbf] Took <*>.<*> seconds to <*> the instance on the hypervisor.,2
e304fae0,[instance: c<*>f<*>f<*>-<*>c-<*>ea<*>-b<*>e<*>-<*>edfcfbf] Took <*>.<*> seconds to build instance.,1
473d884c,[instance: c<*>f<*>f<*>-<*>c-<*>ea<*>-b<*>e<*>-<*>edfcfbf] Terminating instance,1
8d635a45,[instance: c<*>f<*>f<*>-<*>c-<*>ea<*>-b<*>e<*>-<*>edfcfbf] Instance destroyed successfully.,1
427e1ca3,[instance: c<*>f<*>f<*>-<*>c-<*>ea<*>-b<*>e<*>-<*>edfcfbf] Deleting instance files /var/lib/nova/instances/c<*>f<*>f<*>-<*>c-<*>ea<*>-b<*>e<*>-<*>edfcfbf_del,1
a7ac79f8,[instance: c<*>f<*>f<*>-<*>c-<*>ea<*>-b<*>e<*>-<*>edfcfbf] Deletion of <*>complete,1
40a1e6b6,[instance: c<*>f<*>f<*>-<*>c-<*>ea<*>-b<*>e<*>-<*>edfcfbf] Took <*>.<*> seconds to deallocate network for instance.,1
84421cf8,"[instance: faf<*>ea-cba<*>-<*>e<*>b-<*>f<*>-<*>a<*>bc<*>f] Attempting claim: memory <*> MB, disk <*> GB, vcpus <*> CPU",1
89d4ecda,"[instance: faf<*>ea-cba<*>-<*>e<*>b-<*>f<*>-<*>a<*>bc<*>f] Total memory: <*> MB, used: <*>.<*> MB",1
b97aa74e,"[instance: faf<*>ea-cba<*>-<*>e<*>b-<*>f<*>-<*>a<*>bc<*>f] memory limit: <*>.<*> MB, free: <*>.<*> MB",1
dd05a927,"[instance: faf<*>ea-cba<*>-<*>e<*>b-<*>f<*>-<*>a<*>bc<*>f] Total disk: <*> GB, used: <*>.<*> GB",1
2420097e,"[instance: faf<*>ea-cba<*>-<*>e<*>b-<*>f<*>-<*>a<*>bc<*>f] disk limit not specified, defaulting to unlimited",1
2b112008,"[instance: faf<*>ea-cba<*>-<*>e<*>b-<*>f<*>-<*>a<*>bc<*>f] Total vcpu: <*> VCPU, used: <*>.<*> VCPU",1
8a07217f,"[instance: faf<*>ea-cba<*>-<*>e<*>b-<*>f<*>-<*>a<*>bc<*>f] vcpu limit not specified, defaulting to unlimited",1
65319978,[instance: faf<*>ea-cba<*>-<*>e<*>b-<*>f<*>-<*>a<*>bc<*>f] Claim successful,1
29a66a96,[instance: faf<*>ea-cba<*>-<*>e<*>b-<*>f<*>-<*>a<*>bc<*>f] Creating image,1
0977a737,[instance: c<*>f<*>f<*>-<*>c-<*>ea<*>-b<*>e<*>-<*>edfcfbf] VM Stopped (Lifecycle Event),1
da61a70a,[instance: faf<*>ea-cba<*>-<*>e<*>b-<*>f<*>-<*>a<*>bc<*>f] VM Started (Lifecycle Event),1
19c875c9,[instance: faf<*>ea-cba<*>-<*>e<*>b-<*>f<*>-<*>a<*>bc<*>f] VM Paused (Lifecycle Event),1
75ae4961,[instance: faf<*>ea-cba<*>-<*>e<*>b-<*>f<*>-<*>a<*>bc<*>f] During sync_power_state the instance has a pending task (spawning). Skip.,2
9e015e42,Creating event network-vif-plugged:<*>f<*>af-aae<*>-<*>b<*>-<*>c<*>-a<*>bc<*>c<*>e<*>bb<*> for instance faf<*>ea-cba<*>-<*>e<*>b-<*>f<*>-<*>a<*>bc<*>f,1
d8bfd9d1,[instance: faf<*>ea-cba<*>-<*>e<*>b-<*>f<*>-<*>a<*>bc<*>f] VM Resumed (Lifecycle Event),2
1093eb8c,[instance: faf<*>ea-cba<*>-<*>e<*>b-<*>f<*>-<*>a<*>bc<*>f] Instance spawned successfully.,1
7b9f9ff2,[instance: faf<*>ea-cba<*>-<*>e<*>b-<*>f<*>-<*>a<*>bc<*>f] Took <*>.<*> seconds to spawn the instance on the hypervisor.,1
c6dcb74c,[instance: faf<*>ea-cba<*>-<*>e<*>b-<*>f<*>-<*>a<*>bc<*>f] Took <*>.<*> seconds to build instance.,1
e880eb5f,[instance: faf<*>ea-cba<*>-<*>e<*>b-<*>f<*>-<*>a<*>bc<*>f] Terminating instance,1
c1adc2ee,[instance: faf<*>ea-cba<*>-<*>e<*>b-<*>f<*>-<*>a<*>bc<*>f] Instance destroyed successfully.,1
